Symbol,Company,Sectors,nb_matched_measures,raw_score,normalized_score,Weight
A,Agilent Technologies,['Technology'],8,-4,-0.5,"0,0006"
AAPL,"Apple Inc,",['Technology'],8,-4,-0.5,"0,0597"
ABBV,AbbVie,['Healthcare'],2,0,0.0,"0,0062"
ABNB,Airbnb,['Technology'],8,-4,-0.5,"0,0013"
ABT,Abbott Laboratories,['Healthcare'],2,0,0.0,"0,0039"
ACGL,Arch Capital Group,['Finance'],3,-3,-1.0,"0,0006"
ACN,Accenture,['Technology'],8,-4,-0.5,"0,0026"
ADBE,"Adobe Inc,",['Technology'],8,-4,-0.5,"0,0026"
ADI,Analog Devices,['Technology'],8,-4,-0.5,"0,002"
ADM,Archer Daniels Midland,['Industrials'],1,1,1.0,"0,0005"
ADP,Automatic Data Processing,"['Technology', 'Finance']",10,-6,-0.6,"0,0021"
ADSK,Autodesk,['Technology'],8,-4,-0.5,"0,001"
AEE,Ameren,['Public Services'],4,-2,-0.5,"0,0005"
AEP,American Electric Power,['Public Services'],4,-2,-0.5,"0,001"
AES,AES Corporation,"['Public Services', 'Energy']",5,-1,-0.2,"0,0002"
AFL,Aflac,['Finance'],3,-3,-1.0,"0,001"
AIG,American International Group,['Finance'],3,-3,-1.0,"0,0008"
AIZ,Assurant,['Finance'],3,-3,-1.0,"0,0002"
AJG,"Arthur J, Gallagher & Co,",['Finance'],3,-3,-1.0,"0,0013"
AKAM,Akamai Technologies,['Technology'],8,-4,-0.5,"0,0002"
ALB,Albemarle Corporation,['Industrials'],1,1,1.0,"0,0002"
ALGN,Align Technology,"['Technology', 'Healthcare']",9,-3,-0.333,"0,0002"
ALL,Allstate,['Finance'],3,-3,-1.0,"0,0009"
ALLE,Allegion,['Industrials'],1,1,1.0,"0,0002"
AMAT,Applied Materials,"['Technology', 'Industrials']",9,-3,-0.333,"0,0026"
AMCR,Amcor,['Industrials'],1,1,1.0,"0,0003"
AMD,Advanced Micro Devices,['Technology'],8,-4,-0.5,"0,005"
AME,Ametek,['Industrials'],1,1,1.0,"0,0007"
AMGN,Amgen,['Healthcare'],2,0,0.0,"0,0027"
AMP,Ameriprise Financial,['Finance'],3,-3,-1.0,"0,0008"
AMT,American Tower,"['Technology', 'Industrials']",9,-3,-0.333,"0,0016"
AMZN,Amazon,['Technology'],8,-4,-0.5,"0,0427"
ANET,Arista Networks,['Technology'],8,-4,-0.5,"0,003"
AON,Aon,['Finance'],3,-3,-1.0,"0,0014"
AOS,"A, O, Smith",['Industrials'],1,1,1.0,"0,0002"
APA,APA Corporation,['Energy'],1,1,1.0,"0,0001"
APD,Air Products,['Industrials'],1,1,1.0,"0,0011"
APH,Amphenol,['Industrials'],1,1,1.0,"0,0023"
APO,Apollo Global Management,['Finance'],3,-3,-1.0,"0,0014"
APTV,Aptiv,['Industrials'],1,1,1.0,"0,0003"
ARE,Alexandria Real Estate Equities,['Public Services'],4,-2,-0.5,"0,0002"
ATO,Atmos Energy,['Public Services'],4,-2,-0.5,"0,0005"
AVB,AvalonBay Communities,['Industrials'],1,1,1.0,"0,0005"
AVGO,Broadcom,['Technology'],8,-4,-0.5,"0,0252"
AVY,Avery Dennison,['Industrials'],1,1,1.0,"0,0002"
AWK,American Water Works,['Public Services'],4,-2,-0.5,"0,0005"
AXON,Axon Enterprise,['Technology'],8,-4,-0.5,"0,001"
AXP,American Express,['Finance'],3,-3,-1.0,"0,0037"
AZO,AutoZone,"['Technology', 'Industrials']",9,-3,-0.333,"0,0012"
BA,Boeing,['Industrials'],1,1,1.0,"0,003"
BAC,Bank of America,['Finance'],3,-3,-1.0,"0,0061"
BALL,Ball Corporation,['Industrials'],1,1,1.0,"0,0003"
BAX,Baxter International,"['Industrials', 'Healthcare']",3,1,0.333,"0,0002"
BBY,Best Buy,['Industrials'],1,1,1.0,"0,0003"
BDX,Becton Dickinson,['Healthcare'],2,0,0.0,"0,001"
BEN,Franklin Resources,['Finance'],3,-3,-1.0,"0,0002"
BG,Bunge Global,['Energy'],1,1,1.0,"0,0003"
BIIB,Biogen,['Healthcare'],2,0,0.0,"0,0003"
BK,BNY Mellon,['Finance'],3,-3,-1.0,"0,0013"
BKNG,Booking Holdings,['Technology'],8,-4,-0.5,"0,0031"
BKR,Baker Hughes,"['Industrials', 'Energy']",1,1,1.0,"0,0007"
BLDR,Builders FirstSource,['Industrials'],1,1,1.0,"0,0003"
BLK,BlackRock,['Finance'],3,-3,-1.0,"0,0031"
BMY,Bristol Myers Squibb,['Healthcare'],2,0,0.0,"0,0017"
BR,Broadridge Financial Solutions,['Technology'],8,-4,-0.5,"0,0005"
BRO,Brown & Brown,['Finance'],3,-3,-1.0,"0,0005"
BSX,Boston Scientific,['Healthcare'],2,0,0.0,"0,0026"
BX,"Blackstone Inc,",['Finance'],3,-3,-1.0,"0,0023"
BXP,"BXP, Inc,",['Public Services'],4,-2,-0.5,"0,0002"
C,Citigroup,['Finance'],3,-3,-1.0,"0,003"
CAG,Conagra Brands,['Industrials'],1,1,1.0,"0,0002"
CAH,Cardinal Health,['Healthcare'],2,0,0.0,"0,0006"
CARR,Carrier Global,['Industrials'],1,1,1.0,"0,001"
CAT,"Caterpillar Inc,","['Industrials', 'Energy']",1,1,1.0,"0,0034"
CB,Chubb Limited,['Finance'],3,-3,-1.0,"0,0019"
CBOE,Cboe Global Markets,['Finance'],3,-3,-1.0,"0,0004"
CBRE,CBRE Group,['Industrials'],1,1,1.0,"0,0008"
CCI,Crown Castle,"['Technology', 'Public Services']",10,-4,-0.4,"0,0008"
CCL,Carnival,['Industrials'],1,1,1.0,"0,0007"
CDNS,Cadence Design Systems,['Technology'],8,-4,-0.5,"0,0016"
CDW,CDW,['Technology'],8,-4,-0.5,"0,0004"
CEG,Constellation Energy,['Energy'],1,1,1.0,"0,0018"
CF,CF Industries,['Industrials'],1,1,1.0,"0,0002"
CFG,Citizens Financial Group,['Finance'],3,-3,-1.0,"0,0004"
CHD,Church & Dwight,['Industrials'],1,1,1.0,"0,0004"
CHRW,"C,H, Robinson",['Industrials'],1,1,1.0,"0,0002"
CHTR,Charter Communications,['Public Services'],4,-2,-0.5,"0,0006"
CI,Cigna,['Finance'],3,-3,-1.0,"0,0013"
CINF,Cincinnati Financial,['Finance'],3,-3,-1.0,"0,0004"
CL,Colgate-Palmolive,['Energy'],1,1,1.0,"0,0012"
CLX,Clorox,['Industrials'],1,1,1.0,"0,0003"
CMCSA,Comcast,['Public Services'],4,-2,-0.5,"0,0021"
CME,CME Group,['Finance'],3,-3,-1.0,"0,0017"
CMG,Chipotle Mexican Grill,['Industrials'],1,1,1.0,"0,001"
CMI,Cummins,['Industrials'],1,1,1.0,"0,001"
CMS,CMS Energy,"['Public Services', 'Energy']",5,-1,-0.2,"0,0004"
CNC,Centene Corporation,['Healthcare'],2,0,0.0,"0,0002"
CNP,CenterPoint Energy,['Public Services'],4,-2,-0.5,"0,0004"
COF,Capital One,['Finance'],3,-3,-1.0,"0,0024"
COIN,Coinbase Global,['Finance'],3,-3,-1.0,"0,0014"
COO,Cooper Companies (The),['Finance'],3,-3,-1.0,"0,0003"
COP,ConocoPhillips,['Energy'],1,1,1.0,"0,0021"
COR,Cencora,['Healthcare'],2,0,0.0,"0,001"
COST,Costco,['Industrials'],1,1,1.0,"0,0075"
CPAY,Corpay,['Industrials'],1,1,1.0,"0,0004"
CPB,Campbell Soup Company,['Industrials'],1,1,1.0,"0,0002"
CPRT,Copart,['Industrials'],1,1,1.0,"0,0008"
CPT,Camden Property Trust,['Public Services'],4,-2,-0.5,"0,0002"
CRL,Charles River Laboratories,['Technology'],8,-4,-0.5,"0,0001"
CRM,Salesforce,['Technology'],8,-4,-0.5,"0,0039"
CRWD,CrowdStrike,['Technology'],8,-4,-0.5,"0,0018"
CSCO,Cisco,['Technology'],8,-4,-0.5,"0,0047"
CSGP,CoStar Group,['Technology'],8,-4,-0.5,"0,0006"
CSX,CSX Corporation,['Industrials'],1,1,1.0,"0,0012"
CTAS,Cintas,['Industrials'],1,1,1.0,"0,0015"
CTRA,Coterra,['Energy'],1,1,1.0,"0,0003"
CTSH,Cognizant,['Technology'],8,-4,-0.5,"0,0006"
CTVA,Corteva,['Public Services'],4,-2,-0.5,"0,0008"
CVS,CVS Health,"['Public Services', 'Healthcare']",5,-1,-0.2,"0,0015"
CVX,Chevron Corporation,['Energy'],1,1,1.0,"0,0054"
CZR,Caesars Entertainment,['Industrials'],1,1,1.0,"0,0001"
D,Dominion Energy,"['Public Services', 'Energy']",5,-1,-0.2,"0,0009"
DAL,Delta Air Lines,['Industrials'],1,1,1.0,"0,0007"
DASH,DoorDash,['Technology'],8,-4,-0.5,"0,0018"
DAY,Dayforce,"['Technology', 'Finance']",10,-6,-0.6,"0,0001"
DD,DuPont,['Industrials'],1,1,1.0,"0,0005"
DDOG,Datadog,['Technology'],8,-4,-0.5,"0,0008"
DE,Deere & Company,['Industrials'],1,1,1.0,"0,0022"
DECK,Deckers Brands,['Industrials'],1,1,1.0,"0,0003"
DELL,Dell Technologies,['Technology'],8,-4,-0.5,"0,0016"
DG,Dollar General,['Industrials'],1,1,1.0,"0,0004"
DGX,Quest Diagnostics,['Finance'],3,-3,-1.0,"0,0003"
DHI,"D, R, Horton",['Industrials'],1,1,1.0,"0,0008"
DHR,Danaher Corporation,['Industrials'],1,1,1.0,"0,0026"
DIS,Walt Disney Company (The),['Public Services'],4,-2,-0.5,"0,0036"
DLR,Digital Realty,['Public Services'],4,-2,-0.5,"0,001"
DLTR,Dollar Tree,['Industrials'],1,1,1.0,"0,0004"
DOC,Healthpeak Properties,['Healthcare'],2,0,0.0,"0,0002"
DOV,Dover Corporation,['Industrials'],1,1,1.0,"0,0004"
DOW,"Dow Inc,",['Industrials'],1,1,1.0,"0,0003"
DPZ,Domino's,['Industrials'],1,1,1.0,"0,0003"
DRI,Darden Restaurants,['Industrials'],1,1,1.0,"0,0004"
DTE,DTE Energy,['Public Services'],4,-2,-0.5,"0,0005"
DUK,Duke Energy,['Public Services'],4,-2,-0.5,"0,0017"
DVA,DaVita,['Healthcare'],2,0,0.0,"0,0002"
DVN,Devon Energy,['Energy'],1,1,1.0,"0,0004"
DXCM,Dexcom,"['Technology', 'Healthcare']",9,-3,-0.333,"0,0005"
EA,Electronic Arts,['Technology'],8,-4,-0.5,"0,0008"
EBAY,eBay,['Technology'],8,-4,-0.5,"0,0008"
ECL,Ecolab,['Industrials'],1,1,1.0,"0,0014"
ED,Consolidated Edison,['Public Services'],4,-2,-0.5,"0,0006"
EFX,Equifax,['Finance'],3,-3,-1.0,"0,0005"
EG,Everest Group,['Finance'],3,-3,-1.0,"0,0002"
EIX,Edison International,['Public Services'],4,-2,-0.5,"0,0004"
EL,Est√©e Lauder Companies (The),['Finance'],3,-3,-1.0,"0,0006"
ELV,Elevance Health,['Finance'],3,-3,-1.0,"0,0011"
EMN,Eastman Chemical Company,"['Technology', 'Industrials']",9,-3,-0.333,"0,0001"
EMR,Emerson Electric,['Industrials'],1,1,1.0,"0,0013"
ENPH,Enphase Energy,['Technology'],8,-4,-0.5,"0,0001"
EOG,EOG Resources,['Energy'],1,1,1.0,"0,0011"
EPAM,EPAM Systems,['Technology'],8,-4,-0.5,"0,0002"
EQIX,Equinix,['Technology'],8,-4,-0.5,"0,0013"
EQR,Equity Residential,['Public Services'],4,-2,-0.5,"0,0004"
EQT,EQT Corporation,['Energy'],1,1,1.0,"0,0006"
ERIE,Erie Indemnity,['Finance'],3,-3,-1.0,"0,0003"
ES,Eversource Energy,['Public Services'],4,-2,-0.5,"0,0004"
ESS,Essex Property Trust,['Finance'],3,-3,-1.0,"0,0003"
ETN,Eaton Corporation,['Energy'],1,1,1.0,"0,0024"
ETR,Entergy,['Public Services'],4,-2,-0.5,"0,0007"
EVRG,Evergy,['Public Services'],4,-2,-0.5,"0,0003"
EW,Edwards Lifesciences,['Healthcare'],2,0,0.0,"0,0008"
EXC,Exelon,['Technology'],8,-4,-0.5,"0,0008"
EXE,Expand Energy,['Energy'],1,1,1.0,"0,0004"
EXPD,Expeditors International,['Industrials'],1,1,1.0,"0,0003"
EXPE,Expedia Group,['Technology'],8,-4,-0.5,"0,0004"
EXR,Extra Space Storage,['Public Services'],4,-2,-0.5,"0,0005"
F,Ford Motor Company,['Industrials'],1,1,1.0,"0,0008"
FANG,Diamondback Energy,['Energy'],1,1,1.0,"0,0007"
FAST,Fastenal,['Industrials'],1,1,1.0,"0,001"
FCX,Freeport-McMoRan,['Industrials'],1,1,1.0,"0,001"
FDS,FactSet,['Technology'],8,-4,-0.5,"0,0002"
FDX,FedEx,['Industrials'],1,1,1.0,"0,0009"
FE,FirstEnergy,['Public Services'],4,-2,-0.5,"0,0004"
FFIV,"F5, Inc,",['Technology'],8,-4,-0.5,"0,0003"
FI,Fiserv,['Finance'],3,-3,-1.0,"0,0013"
FICO,Fair Isaac,['Technology'],8,-4,-0.5,"0,0005"
FIS,Fidelity National Information Services,"['Technology', 'Finance']",10,-6,-0.6,"0,0006"
FITB,Fifth Third Bancorp,['Finance'],3,-3,-1.0,"0,0005"
FOX,Fox Corporation (Class B),['Public Services'],4,-2,-0.5,"0,0002"
FOXA,Fox Corporation (Class A),['Public Services'],4,-2,-0.5,"0,0002"
FRT,Federal Realty Investment Trust,['Industrials'],1,1,1.0,"0,0001"
FSLR,First Solar,"['Technology', 'Energy']",9,-3,-0.333,"0,0003"
FTNT,Fortinet,['Technology'],8,-4,-0.5,"0,001"
FTV,Fortive,['Technology'],8,-4,-0.5,"0,0003"
GD,General Dynamics,['Industrials'],1,1,1.0,"0,0015"
GDDY,GoDaddy,['Technology'],8,-4,-0.5,"0,0003"
GE,GE Aerospace,['Industrials'],1,1,1.0,"0,0049"
GEHC,GE HealthCare,['Healthcare'],2,0,0.0,"0,0006"
GEN,Gen Digital,['Technology'],8,-4,-0.5,"0,0003"
GEV,GE Vernova,['Technology'],8,-4,-0.5,"0,0029"
GILD,Gilead Sciences,['Healthcare'],2,0,0.0,"0,0025"
GIS,General Mills,['Industrials'],1,1,1.0,"0,0005"
GL,Globe Life,['Finance'],3,-3,-1.0,"0,0002"
GLW,"Corning Inc,",['Industrials'],1,1,1.0,"0,001"
GM,General Motors,['Industrials'],1,1,1.0,"0,0009"
GNRC,Generac,['Industrials'],1,1,1.0,"0,0002"
GOOG,"Alphabet Inc, (Class C)",['Technology'],8,-4,-0.5,"0,0206"
GOOGL,"Alphabet Inc, (Class A)",['Technology'],8,-4,-0.5,"0,0219"
GPC,Genuine Parts Company,['Industrials'],1,1,1.0,"0,0003"
GPN,Global Payments,['Industrials'],1,1,1.0,"0,0004"
GRMN,Garmin,['Technology'],8,-4,-0.5,"0,0008"
GS,Goldman Sachs,['Finance'],3,-3,-1.0,"0,0039"
GWW,"W, W, Grainger",['Industrials'],1,1,1.0,"0,0008"
HAL,Halliburton,['Energy'],1,1,1.0,"0,0003"
HAS,Hasbro,['Technology'],8,-4,-0.5,"0,0002"
HBAN,Huntington Bancshares,['Finance'],3,-3,-1.0,"0,0004"
HCA,HCA Healthcare,['Healthcare'],2,0,0.0,"0,0016"
HD,Home Depot (The),"['Public Services', 'Industrials']",5,-1,-0.2,"0,0069"
HIG,Hartford (The),['Finance'],3,-3,-1.0,"0,0006"
HII,Huntington Ingalls Industries,['Industrials'],1,1,1.0,"0,0002"
HLT,Hilton Worldwide,['Industrials'],1,1,1.0,"0,0011"
HOLX,Hologic,['Healthcare'],2,0,0.0,"0,0003"
HON,Honeywell,['Industrials'],1,1,1.0,"0,0024"
HPE,Hewlett Packard Enterprise,['Technology'],8,-4,-0.5,"0,0005"
HPQ,"HP Inc,",['Technology'],8,-4,-0.5,"0,0004"
HRL,Hormel Foods,['Finance'],3,-3,-1.0,"0,0003"
HSIC,Henry Schein,"['Technology', 'Healthcare']",9,-3,-0.333,"0,0001"
HST,Host Hotels & Resorts,['Industrials'],1,1,1.0,"0,0002"
HSY,Hershey Company (The),['Industrials'],1,1,1.0,"0,0006"
HUBB,Hubbell Incorporated,"['Technology', 'Industrials']",9,-3,-0.333,"0,0004"
HUM,Humana,['Healthcare'],2,0,0.0,"0,0006"
HWM,Howmet Aerospace,['Industrials'],1,1,1.0,"0,0012"
IBM,IBM,['Technology'],8,-4,-0.5,"0,0038"
ICE,Intercontinental Exchange,['Finance'],3,-3,-1.0,"0,0018"
IDXX,Idexx Laboratories,['Healthcare'],2,0,0.0,"0,0009"
IEX,IDEX Corporation,['Industrials'],1,1,1.0,"0,0002"
IFF,International Flavors & Fragrances,['Industrials'],1,1,1.0,"0,0003"
INCY,Incyte,['Healthcare'],2,0,0.0,"0,0003"
INTC,Intel,['Technology'],8,-4,-0.5,"0,0017"
INTU,Intuit,['Technology'],8,-4,-0.5,"0,0034"
INVH,Invitation Homes,['Finance'],3,-3,-1.0,"0,0003"
IP,International Paper,['Industrials'],1,1,1.0,"0,0004"
IPG,Interpublic Group of Companies (The),['Technology'],8,-4,-0.5,"0,0002"
IQV,IQVIA,"['Technology', 'Healthcare']",9,-3,-0.333,"0,0006"
IR,Ingersoll Rand,['Technology'],8,-4,-0.5,"0,0005"
IRM,Iron Mountain,"['Public Services', 'Industrials']",5,-1,-0.2,"0,0005"
ISRG,Intuitive Surgical,"['Technology', 'Healthcare']",9,-3,-0.333,"0,0029"
IT,Gartner,['Technology'],8,-4,-0.5,"0,0003"
ITW,Illinois Tool Works,['Industrials'],1,1,1.0,"0,0013"
IVZ,Invesco,['Finance'],3,-3,-1.0,"0,0002"
J,Jacobs Solutions,['Industrials'],1,1,1.0,"0,0003"
JBHT,"J,B, Hunt",['Industrials'],1,1,1.0,"0,0002"
JBL,Jabil,['Technology'],8,-4,-0.5,"0,0004"
JCI,Johnson Controls,['Industrials'],1,1,1.0,"0,0012"
JKHY,Jack Henry & Associates,['Technology'],8,-4,-0.5,"0,0002"
JNJ,Johnson & Johnson,['Healthcare'],2,0,0.0,"0,0073"
JPM,JPMorgan Chase,['Finance'],3,-3,-1.0,"0,0139"
K,Kellanova,['Technology'],8,-4,-0.5,"0,0005"
KDP,Keurig Dr Pepper,['Public Services'],4,-2,-0.5,"0,0008"
KEY,KeyCorp,['Finance'],3,-3,-1.0,"0,0003"
KEYS,Keysight Technologies,['Technology'],8,-4,-0.5,"0,0005"
KHC,Kraft Heinz,['Industrials'],1,1,1.0,"0,0006"
KIM,Kimco Realty,"['Public Services', 'Finance']",5,-3,-0.6,"0,0002"
KKR,KKR,['Finance'],3,-3,-1.0,"0,0022"
KLAC,KLA Corporation,['Technology'],8,-4,-0.5,"0,0022"
KMB,Kimberly-Clark,['Industrials'],1,1,1.0,"0,0008"
KMI,Kinder Morgan,['Energy'],1,1,1.0,"0,001"
KMX,CarMax,['Industrials'],1,1,1.0,"0,0001"
KO,Coca-Cola Company (The),['Public Services'],4,-2,-0.5,"0,0052"
KR,Kroger,['Industrials'],1,1,1.0,"0,0008"
KVUE,Kenvue,['Public Services'],4,-2,-0.5,"0,0007"
L,Loews Corporation,['Technology'],8,-4,-0.5,"0,0003"
LDOS,Leidos,['Industrials'],1,1,1.0,"0,0004"
LEN,Lennar,['Industrials'],1,1,1.0,"0,0006"
LH,LabCorp,['Healthcare'],2,0,0.0,"0,0004"
LHX,L3Harris,['Technology'],8,-4,-0.5,"0,0009"
LII,Lennox International,['Industrials'],1,1,1.0,"0,0004"
LIN,Linde plc,['Technology'],8,-4,-0.5,"0,0039"
LKQ,LKQ Corporation,['Industrials'],1,1,1.0,"0,0001"
LLY,Lilly (Eli),['Healthcare'],2,0,0.0,"0,0106"
LMT,Lockheed Martin,['Industrials'],1,1,1.0,"0,0018"
LNT,Alliant Energy,['Public Services'],4,-2,-0.5,"0,0003"
LOW,Lowe's,"['Public Services', 'Industrials']",5,-1,-0.2,"0,0024"
LRCX,Lam Research,"['Technology', 'Industrials']",9,-3,-0.333,"0,0023"
LULU,Lululemon Athletica,['Industrials'],1,1,1.0,"0,0004"
LUV,Southwest Airlines,['Industrials'],1,1,1.0,"0,0003"
LVS,Las Vegas Sands,['Industrials'],1,1,1.0,"0,0006"
LW,Lamb Weston,['Industrials'],1,1,1.0,"0,0001"
LYB,LyondellBasell,['Industrials'],1,1,1.0,"0,0003"
LYV,Live Nation Entertainment,"['Entertainment', 'Public Services']",4,-2,-0.5,"0,0006"
MA,Mastercard,['Finance'],3,-3,-1.0,"0,0091"
MAA,Mid-America Apartment Communities,['Finance'],3,-3,-1.0,"0,0003"
MAR,Marriott International,['Industrials'],1,1,1.0,"0,0012"
MAS,Masco,['Industrials'],1,1,1.0,"0,0003"
MCD,McDonald's,['Industrials'],1,1,1.0,"0,0038"
MCHP,Microchip Technology,['Technology'],8,-4,-0.5,"0,0006"
MCK,McKesson Corporation,['Healthcare'],2,0,0.0,"0,0014"
MCO,Moody's Corporation,['Finance'],3,-3,-1.0,"0,0016"
MDLZ,Mondelez International,['Industrials'],1,1,1.0,"0,0014"
MDT,Medtronic,"['Technology', 'Healthcare']",9,-3,-0.333,"0,002"
MET,MetLife,['Finance'],3,-3,-1.0,"0,0009"
META,Meta Platforms,['Technology'],8,-4,-0.5,"0,0339"
MGM,MGM Resorts,['Industrials'],1,1,1.0,"0,0002"
MHK,Mohawk Industries,['Industrials'],1,1,1.0,"0,0001"
MKC,McCormick & Company,['Industrials'],1,1,1.0,"0,0003"
MKTX,MarketAxess,"['Technology', 'Finance']",10,-6,-0.6,"0,0001"
MLM,Martin Marietta Materials,['Industrials'],1,1,1.0,"0,0006"
MMC,Marsh McLennan,['Finance'],3,-3,-1.0,"0,0018"
MMM,3M,['Industrials'],1,1,1.0,"0,0014"
MNST,Monster Beverage,['Industrials'],1,1,1.0,"0,0011"
MO,Altria,['Industrials'],1,1,1.0,"0,0019"
MOH,Molina Healthcare,['Healthcare'],2,0,0.0,"0,0001"
MOS,Mosaic Company (The),['Industrials'],1,1,1.0,"0,0002"
MPC,Marathon Petroleum,['Energy'],1,1,1.0,"0,0008"
MPWR,Monolithic Power Systems,['Technology'],8,-4,-0.5,"0,0007"
MRK,"Merck & Co,",['Healthcare'],2,0,0.0,"0,0036"
MRNA,Moderna,['Healthcare'],2,0,0.0,"0,0002"
MS,Morgan Stanley,['Finance'],3,-3,-1.0,"0,0041"
MSCI,MSCI,['Finance'],3,-3,-1.0,"0,0008"
MSFT,Microsoft,['Technology'],8,-4,-0.5,"0,0667"
MSI,Motorola Solutions,"['Technology', 'Industrials']",9,-3,-0.333,"0,0013"
MTB,M&T Bank,['Finance'],3,-3,-1.0,"0,0005"
MTCH,Match Group,['Technology'],8,-4,-0.5,"0,0002"
MTD,Mettler Toledo,['Finance'],3,-3,-1.0,"0,0005"
MU,Micron Technology,['Technology'],8,-4,-0.5,"0,0024"
NCLH,Norwegian Cruise Line Holdings,['Industrials'],1,1,1.0,"0,0002"
NDAQ,"Nasdaq, Inc,","['Technology', 'Finance']",10,-6,-0.6,"0,0009"
NDSN,Nordson Corporation,['Industrials'],1,1,1.0,"0,0002"
NEE,NextEra Energy,['Energy'],1,1,1.0,"0,0026"
NEM,Newmont,['Energy'],1,1,1.0,"0,0013"
NFLX,Netflix,['Technology'],8,-4,-0.5,"0,009"
NI,NiSource,['Public Services'],4,-2,-0.5,"0,0003"
NKE,"Nike, Inc,",['Industrials'],1,1,1.0,"0,0019"
NOC,Northrop Grumman,['Industrials'],1,1,1.0,"0,0014"
NOW,ServiceNow,['Technology'],8,-4,-0.5,"0,003"
NRG,NRG Energy,['Energy'],1,1,1.0,"0,0005"
NSC,Norfolk Southern Railway,['Industrials'],1,1,1.0,"0,0011"
NTAP,NetApp,['Technology'],8,-4,-0.5,"0,0004"
NTRS,Northern Trust,['Finance'],3,-3,-1.0,"0,0004"
NUE,Nucor,['Industrials'],1,1,1.0,"0,0006"
NVDA,Nvidia,['Technology'],8,-4,-0.5,"0,0765"
NVR,"NVR, Inc,",['Industrials'],1,1,1.0,"0,0004"
NWS,News Corp (Class B),['Public Services'],4,-2,-0.5,"0,0001"
NWSA,News Corp (Class A),['Public Services'],4,-2,-0.5,"0,0002"
NXPI,NXP Semiconductors,['Technology'],8,-4,-0.5,"0,001"
O,Realty Income,['Technology'],8,-4,-0.5,"0,0009"
ODFL,Old Dominion,['Industrials'],1,1,1.0,"0,0005"
OKE,ONEOK,['Energy'],1,1,1.0,"0,0008"
OMC,Omnicom Group,['Energy'],1,1,1.0,"0,0003"
ON,ON Semiconductor,['Technology'],8,-4,-0.5,"0,0004"
ORCL,Oracle Corporation,['Technology'],8,-4,-0.5,"0,0118"
ORLY,O'Reilly Auto Parts,['Industrials'],1,1,1.0,"0,0015"
OTIS,Otis Worldwide,['Industrials'],1,1,1.0,"0,0006"
OXY,Occidental Petroleum,['Energy'],1,1,1.0,"0,0008"
PANW,Palo Alto Networks,['Technology'],8,-4,-0.5,"0,002"
PAYC,Paycom,['Technology'],8,-4,-0.5,"0,0002"
PAYX,Paychex,['Technology'],8,-4,-0.5,"0,0009"
PCAR,Paccar,['Industrials'],1,1,1.0,"0,0009"
PCG,PG&E Corporation,['Public Services'],4,-2,-0.5,"0,0006"
PEG,Public Service Enterprise Group,"['Public Services', 'Energy']",5,-1,-0.2,"0,0007"
PEP,PepsiCo,['Public Services'],4,-2,-0.5,"0,0035"
PFE,Pfizer,['Healthcare'],2,0,0.0,"0,0025"
PFG,Principal Financial Group,['Finance'],3,-3,-1.0,"0,0003"
PG,Procter & Gamble,['Industrials'],1,1,1.0,"0,0062"
PGR,Progressive Corporation,['Finance'],3,-3,-1.0,"0,0025"
PH,Parker Hannifin,['Industrials'],1,1,1.0,"0,0016"
PHM,PulteGroup,['Industrials'],1,1,1.0,"0,0004"
PKG,Packaging Corporation of America,['Industrials'],1,1,1.0,"0,0003"
PLD,Prologis,['Industrials'],1,1,1.0,"0,0017"
PLTR,Palantir Technologies,['Technology'],8,-4,-0.5,"0,0074"
PM,Philip Morris International,['Industrials'],1,1,1.0,"0,0044"
PNC,PNC Financial Services,['Finance'],3,-3,-1.0,"0,0013"
PNR,Pentair,['Industrials'],1,1,1.0,"0,0003"
PNW,Pinnacle West,['Public Services'],4,-2,-0.5,"0,0002"
PODD,Insulet Corporation,['Healthcare'],2,0,0.0,"0,0004"
POOL,Pool Corporation,['Industrials'],1,1,1.0,"0,0002"
PPG,PPG Industries,['Industrials'],1,1,1.0,"0,0004"
PPL,PPL Corporation,['Public Services'],4,-2,-0.5,"0,0005"
PRU,Prudential Financial,['Finance'],3,-3,-1.0,"0,0006"
PSA,Public Storage,['Public Services'],4,-2,-0.5,"0,0008"
PSX,Phillips 66,['Energy'],1,1,1.0,"0,0009"
PTC,"PTC Inc,",['Technology'],8,-4,-0.5,"0,0004"
PWR,Quanta Services,['Industrials'],1,1,1.0,"0,001"
PYPL,PayPal,"['Technology', 'Finance']",10,-6,-0.6,"0,0011"
QCOM,Qualcomm,['Technology'],8,-4,-0.5,"0,0029"
RCL,Royal Caribbean Group,['Industrials'],1,1,1.0,"0,0015"
REG,Regency Centers,['Finance'],3,-3,-1.0,"0,0002"
REGN,Regeneron Pharmaceuticals,['Healthcare'],2,0,0.0,"0,001"
RF,Regions Financial Corporation,['Finance'],3,-3,-1.0,"0,0004"
RJF,Raymond James Financial,['Finance'],3,-3,-1.0,"0,0006"
RL,Ralph Lauren Corporation,['Industrials'],1,1,1.0,"0,0003"
RMD,ResMed,['Healthcare'],2,0,0.0,"0,0007"
ROK,Rockwell Automation,['Industrials'],1,1,1.0,"0,0007"
ROL,"Rollins, Inc,",['Industrials'],1,1,1.0,"0,0005"
ROP,Roper Technologies,['Industrials'],1,1,1.0,"0,001"
ROST,Ross Stores,['Industrials'],1,1,1.0,"0,0008"
RSG,Republic Services,['Industrials'],1,1,1.0,"0,0013"
RTX,RTX Corporation,['Industrials'],1,1,1.0,"0,0036"
RVTY,Revvity,['Technology'],8,-4,-0.5,"0,0002"
SBAC,SBA Communications,['Public Services'],4,-2,-0.5,"0,0004"
SBUX,Starbucks,['Public Services'],4,-2,-0.5,"0,0018"
SCHW,Charles Schwab Corporation,['Finance'],3,-3,-1.0,"0,0031"
SHW,Sherwin-Williams,['Industrials'],1,1,1.0,"0,0016"
SJM,"J,M, Smucker Company (The)",['Industrials'],1,1,1.0,"0,0002"
SLB,Schlumberger,['Energy'],1,1,1.0,"0,0008"
SMCI,Supermicro,['Technology'],8,-4,-0.5,"0,0005"
SNA,Snap-on,['Finance'],3,-3,-1.0,"0,0003"
SNPS,Synopsys,['Technology'],8,-4,-0.5,"0,002"
SO,Southern Company,['Public Services'],4,-2,-0.5,"0,0018"
SOLV,Solventum,"['Technology', 'Healthcare']",9,-3,-0.333,"0,0002"
SPG,Simon Property Group,['Public Services'],4,-2,-0.5,"0,001"
SPGI,S&P Global,['Finance'],3,-3,-1.0,"0,003"
SRE,Sempra,['Public Services'],4,-2,-0.5,"0,0009"
STE,Steris,['Industrials'],1,1,1.0,"0,0004"
STLD,Steel Dynamics,['Industrials'],1,1,1.0,"0,0003"
STT,State Street Corporation,['Finance'],3,-3,-1.0,"0,0006"
STX,Seagate Technology,['Technology'],8,-4,-0.5,"0,0006"
STZ,Constellation Brands,['Industrials'],1,1,1.0,"0,0005"
SW,Smurfit WestRock,['Industrials'],1,1,1.0,"0,0004"
SWK,Stanley Black & Decker,['Industrials'],1,1,1.0,"0,0002"
SWKS,Skyworks Solutions,['Technology'],8,-4,-0.5,"0,0002"
SYF,Synchrony Financial,['Finance'],3,-3,-1.0,"0,0005"
SYK,Stryker Corporation,"['Industrials', 'Healthcare']",3,1,0.333,"0,0025"
SYY,Sysco,['Industrials'],1,1,1.0,"0,0007"
T,AT&T,"['Technology', 'Public Services']",10,-4,-0.4,"0,0035"
TAP,Molson Coors Beverage Company,['Industrials'],1,1,1.0,"0,0002"
TDG,TransDigm Group,['Industrials'],1,1,1.0,"0,0014"
TDY,Teledyne Technologies,"['Technology', 'Industrials']",9,-3,-0.333,"0,0004"
TECH,Bio-Techne,"['Technology', 'Healthcare']",9,-3,-0.333,"0,0001"
TEL,TE Connectivity,['Industrials'],1,1,1.0,"0,0011"
TER,Teradyne,['Technology'],8,-4,-0.5,"0,0003"
TFC,Truist Financial,['Finance'],3,-3,-1.0,"0,001"
TGT,Target Corporation,['Public Services'],4,-2,-0.5,"0,0008"
TJX,TJX Companies,['Industrials'],1,1,1.0,"0,0026"
TKO,TKO Group Holdings,['Public Services'],4,-2,-0.5,"0,0003"
TMO,Thermo Fisher Scientific,['Healthcare'],2,0,0.0,"0,0031"
TMUS,T-Mobile US,['Technology'],8,-4,-0.5,"0,0049"
TPL,Texas Pacific Land Corporation,['Energy'],1,1,1.0,"0,0004"
TPR,"Tapestry, Inc,",['Industrials'],1,1,1.0,"0,0003"
TRGP,Targa Resources,['Energy'],1,1,1.0,"0,0006"
TRMB,"Trimble Inc,",['Technology'],8,-4,-0.5,"0,0003"
TROW,"T, Rowe Price",['Finance'],3,-3,-1.0,"0,0004"
TRV,Travelers Companies (The),['Finance'],3,-3,-1.0,"0,001"
TSCO,Tractor Supply,['Industrials'],1,1,1.0,"0,0005"
TSLA,"Tesla, Inc,","['Technology', 'Energy']",9,-3,-0.333,"0,0186"
TSN,Tyson Foods,['Industrials'],1,1,1.0,"0,0003"
TT,Trane Technologies,['Technology'],8,-4,-0.5,"0,0016"
TTD,"The Trade Desk, Inc,",['Technology'],8,-4,-0.5,"0,0004"
TTWO,Take-Two Interactive,['Technology'],8,-4,-0.5,"0,0007"
TXN,Texas Instruments,['Technology'],8,-4,-0.5,"0,003"
TXT,Textron,['Industrials'],1,1,1.0,"0,0002"
TYL,Tyler Technologies,['Technology'],8,-4,-0.5,"0,0004"
UAL,United Airlines Holdings,['Industrials'],1,1,1.0,"0,0006"
UBER,Uber,"['Technology', 'Industrials']",9,-3,-0.333,"0,0033"
UDR,"UDR, Inc,",['Public Services'],4,-2,-0.5,"0,0002"
UHS,Universal Health Services,['Healthcare'],2,0,0.0,"0,0002"
ULTA,Ulta Beauty,['Industrials'],1,1,1.0,"0,0004"
UNH,UnitedHealth Group,['Healthcare'],2,0,0.0,"0,0042"
UNP,Union Pacific Corporation,['Industrials'],1,1,1.0,"0,0022"
UPS,United Parcel Service,['Industrials'],1,1,1.0,"0,0013"
URI,United Rentals,['Industrials'],1,1,1.0,"0,001"
USB,"U,S, Bancorp",['Finance'],3,-3,-1.0,"0,0013"
V,"Visa Inc,",['Finance'],3,-3,-1.0,"0,0115"
VICI,Vici Properties,['Finance'],3,-3,-1.0,"0,0006"
VLO,Valero Energy,['Energy'],1,1,1.0,"0,0007"
VLTO,Veralto,['Industrials'],1,1,1.0,"0,0005"
VMC,Vulcan Materials Company,['Industrials'],1,1,1.0,"0,0007"
VRSK,Verisk Analytics,['Technology'],8,-4,-0.5,"0,0006"
VRSN,Verisign,['Technology'],8,-4,-0.5,"0,0004"
VRTX,Vertex Pharmaceuticals,['Healthcare'],2,0,0.0,"0,0017"
VST,"Vistra Corp,","['Public Services', 'Energy']",5,-1,-0.2,"0,0012"
VTR,Ventas,"['Finance', 'Healthcare']",4,-2,-0.5,"0,0005"
VTRS,Viatris,['Technology'],8,-4,-0.5,"0,0002"
VZ,Verizon,['Public Services'],4,-2,-0.5,"0,0032"
WAB,Wabtec,['Industrials'],1,1,1.0,"0,0006"
WAT,Waters Corporation,['Technology'],8,-4,-0.5,"0,0003"
WBD,"Warner Bros, Discovery",['Technology'],8,-4,-0.5,"0,0005"
WDAY,"Workday, Inc,",['Technology'],8,-4,-0.5,"0,001"
WDC,Western Digital,['Technology'],8,-4,-0.5,"0,0005"
WEC,WEC Energy Group,"['Public Services', 'Energy']",5,-1,-0.2,"0,0006"
WELL,Welltower,['Healthcare'],2,0,0.0,"0,0019"
WFC,Wells Fargo,['Finance'],3,-3,-1.0,"0,0044"
WM,Waste Management,"['Public Services', 'Industrials']",5,-1,-0.2,"0,0016"
WMB,Williams Companies,['Energy'],1,1,1.0,"0,0012"
WMT,Walmart,['Industrials'],1,1,1.0,"0,0139"
WRB,"W, R, Berkley Corporation",['Finance'],3,-3,-1.0,"0,0005"
WSM,Williams-Sonoma,['Industrials'],1,1,1.0,"0,0004"
WST,West Pharmaceutical Services,['Healthcare'],2,0,0.0,"0,0003"
WTW,Willis Towers Watson,['Finance'],3,-3,-1.0,"0,0006"
WY,Weyerhaeuser,['Industrials'],1,1,1.0,"0,0003"
WYNN,Wynn Resorts,['Industrials'],1,1,1.0,"0,0002"
XEL,Xcel Energy,['Public Services'],4,-2,-0.5,"0,0007"
XOM,ExxonMobil,['Energy'],1,1,1.0,"0,0079"
XYL,"Xylem Inc,",['Industrials'],1,1,1.0,"0,0006"
XYZ,"Block, Inc,","['Technology', 'Finance']",10,-6,-0.6,"0,0008"
YUM,Yum! Brands,['Industrials'],1,1,1.0,"0,0007"
ZBH,Zimmer Biomet,"['Industrials', 'Healthcare']",3,1,0.333,"0,0003"
ZBRA,Zebra Technologies,"['Technology', 'Industrials']",9,-3,-0.333,"0,0003"
ZTS,Zoetis,['Industrials'],1,1,1.0,"0,0012"
